,accuracy,precision,recall,f1
PGT121,0.550531914893617,0.5176470588235295,0.2558139534883721,0.34241245136186776
VRC01,0.71280276816609,0.20754716981132076,0.21153846153846154,0.20952380952380956
3BNC117,0.8303886925795053,0.35294117647058826,0.13953488372093023,0.2
10-1074,0.4983164983164983,0.4105960264900662,0.5081967213114754,0.4542124542124542
2F5,0.7595628415300546,0.7797619047619048,0.9492753623188406,0.8562091503267973
